name,slug,website_url,status,official_icon_url,local_path,error
1 Crown Office Row,1-crown-office-row,https://www.1cor.com/,downloaded,https://www.1cor.com/london/wp-content/themes/onecor/assets/favicons/apple-touch-icon.png,assets/chambers/1-crown-office-row.webp,
1 Hare Court,1-hare-court,https://www.1hc.com/,downloaded,https://www.1hc.com/wp-content/uploads/2024/05/1HC-favicon2.png,assets/chambers/1-hare-court.png,
11KBW,11kbw,https://www.11kbw.com/,downloaded,https://www.11kbw.com/wp-content/uploads/cropped-11KBW-Website-Favicon-180x180.png,assets/chambers/11kbw.png,
12 Kings Bench Walk,12-kings-bench-walk,https://www.12kbw.co.uk/,failed,,,curl: (56) The requested URL returned error: 403
2 Hare Court,2-hare-court,https://www.2harecourt.com/,downloaded,https://www.2harecourt.com/wp-content/themes/tela_2hc/assets/favicon/apple-touch-icon.png,assets/chambers/2-hare-court.webp,
3 Verulam Buildings,3-verulam-buildings,https://3vb.com/,downloaded,https://3vb.com/wp-content/themes/3vb/theme/images/apple-touch-icon.png,assets/chambers/3-verulam-buildings.png,
39 Essex Chambers,39-essex-chambers,https://www.39essex.com/,failed,,,curl: (56) The requested URL returned error: 403
3PB Barristers,3pb-barristers,https://www.3pb.co.uk/,downloaded,https://www.3pb.co.uk/content/themes/3pb_barristers/apple-touch-icon.png,assets/chambers/3pb-barristers.png,
4 New Square Chambers,4-new-square-chambers,https://www.4newsquare.com/,downloaded,https://www.4newsquare.com/wp-content/themes/tela_4ns/assets/favicons/favicon-32x32.png,assets/chambers/4-new-square-chambers.webp,
4 Pump Court,4-pump-court,https://www.4pumpcourt.com/,downloaded,https://www.4pumpcourt.com/wp-content/themes/tela_4pc/assets/favicons/favicon.svg?v=2,assets/chambers/4-pump-court.svg,
4PB,4pb,https://www.4pb.com/,failed,,,curl: (56) The requested URL returned error: 403
5 Essex Chambers,5-essex-chambers,https://www.5essex.co.uk/,downloaded,https://www.5essex.co.uk/wp-content/themes/tela_5ec/assets/favicons/apple-touch-icon.png,assets/chambers/5-essex-chambers.webp,
5 Stone Buildings,5-stone-buildings,https://www.5sblaw.com/,downloaded,https://www.5sblaw.com/wp-content/themes/the-hideout-theme/img/apple-icon-touch.png,assets/chambers/5-stone-buildings.png,
6KBW College Hill,6kbw-college-hill,https://6kbw.com/,downloaded,https://6kbw.com/wp-content/uploads/2021/03/logo-site-dark-1.svg,assets/chambers/6kbw-college-hill.svg,
Atkin Chambers,atkin-chambers,https://www.atkinchambers.com/,downloaded,https://www.atkinchambers.com/wp-content/themes/tela_atkin/assets/favicons/apple-touch-icon.png,assets/chambers/atkin-chambers.webp,
Blackstone Chambers,blackstone-chambers,https://www.blackstonechambers.com/,downloaded,https://www.blackstonechambers.com/static/img/favicon/apple-icon-180x180.9ff5fd4cffe0.png,assets/chambers/blackstone-chambers.png,
Brick Court Chambers,brick-court-chambers,https://www.brickcourt.co.uk/,downloaded,https://www.brickcourt.co.uk/apple-touch-icon.png,assets/chambers/brick-court-chambers.png,
Byrom Street Chambers,byrom-street-chambers,https://www.byromstreet.com/,failed,,,https://www.byromstreet.com/favicon-32x32.png: curl: (56) The requested URL returned error: 404 | https://www.byromstreet.com/favicon.png: curl: (56) The requested URL returned error: 404 | https://www.byromstreet.com/favicon.ico: curl: (56) The requested URL returned error: 404
Civitas Chambers,civitas-chambers,https://www.civitaschambers.co.uk/,downloaded,https://www.civitaschambers.co.uk/apple-touch-icon.png,assets/chambers/civitas-chambers.png,
Crown Office Chambers,crown-office-chambers,https://www.crownofficechambers.com/,downloaded,https://www.crownofficechambers.com/wp-content/themes/cor/assets/favicons/apple-touch-icon.png,assets/chambers/crown-office-chambers.webp,
Doughty Street Chambers,doughty-street-chambers,https://www.doughtystreet.co.uk/,failed,,,curl: (56) The requested URL returned error: 403
Essex Court Chambers,essex-court-chambers,https://essexcourt.com/,downloaded,https://essexcourt.com/wp-content/themes/essex/images/icons/apple-touch-icon.png,assets/chambers/essex-court-chambers.png,
Exchange Chambers,exchange-chambers,https://www.exchangechambers.co.uk/,downloaded,https://www.exchangechambers.co.uk/wp-content/uploads/2018/04/cropped-ec_Favicon_v1-1-180x180.png,assets/chambers/exchange-chambers.png,
Falcon Chambers,falcon-chambers,https://www.falcon-chambers.com/,downloaded,https://www.falcon-chambers.com/images/uploads/icons/apple-touch-icon.png?v=2,assets/chambers/falcon-chambers.png,
Fountain Court Chambers,fountain-court-chambers,https://www.fountaincourt.co.uk/,downloaded,https://fountaincourt.uk/wp-content/themes/tela_fountaincourt/assets/favicons/apple-touch-icon.png,assets/chambers/fountain-court-chambers.png,
Garden Court Chambers,garden-court-chambers,https://gardencourtchambers.co.uk/,downloaded,https://gardencourtchambers.co.uk/wp-content/uploads/2024/05/cropped-gcc.icon_.250x-300x300.png,assets/chambers/garden-court-chambers.png,
Garden Court North Chambers,garden-court-north-chambers,https://gcnchambers.co.uk/,downloaded,https://gcnchambers.co.uk/wp-content/themes/gcnorth/img/favicons/apple-touch-icon.png,assets/chambers/garden-court-north-chambers.png,
Guildhall Chambers,guildhall-chambers,https://www.guildhallchambers.co.uk/,downloaded,https://www.guildhallchambers.co.uk/wp-content/themes/tela_guildhall/assets/favicons/favicon-32x32.png,assets/chambers/guildhall-chambers.webp,
Henderson Chambers,henderson-chambers,https://www.hendersonchambers.co.uk/,downloaded,https://www.hendersonchambers.co.uk/wp-content/themes/hendersons/assets/favicons/apple-touch-icon.png,assets/chambers/henderson-chambers.webp,
Keating Chambers,keating-chambers,https://www.keatingchambers.com/,downloaded,https://www.keatingchambers.com/assets/favicons/apple-touch-icon.png,assets/chambers/keating-chambers.png,
Kings Chambers,kings-chambers,https://www.kingschambers.com/,downloaded,https://www.kingschambers.com/wp-content/themes/tela_kings/assets/favicons/apple-touch-icon.png,assets/chambers/kings-chambers.webp,
Landmark Chambers,landmark-chambers,https://www.landmarkchambers.co.uk/,downloaded,https://www.landmarkchambers.co.uk/assets/images/favicons/apple-touch-icon.png,assets/chambers/landmark-chambers.png,
Littleton Chambers,littleton-chambers,https://littletonchambers.com/,downloaded,https://littletonchambers.com/wp-content/uploads/2026/03/cropped-littleton.icon_.colour.white-l-180x180.webp,assets/chambers/littleton-chambers.webp,
Maitland Chambers,maitland-chambers,https://www.maitlandchambers.com/,downloaded,https://www.maitlandchambers.com/favicon/apple-touch-icon.png,assets/chambers/maitland-chambers.png,
Matrix Chambers,matrix-chambers,https://www.matrixlaw.co.uk/,downloaded,https://www.matrixlaw.co.uk/apple-touch-icon.png,assets/chambers/matrix-chambers.png,
Monckton Chambers,monckton-chambers,https://www.monckton.com/,downloaded,https://www.monckton.com/wp-content/uploads/2019/09/cropped-monckton.avatar.reverse.512x-200x200.png,assets/chambers/monckton-chambers.png,
No5 Barristers' Chambers,no5-barristers-chambers,https://www.no5.com/,downloaded,https://www.no5.com/wp-content/themes/tela_no5/assets/favicons/apple-touch-icon.png,assets/chambers/no5-barristers-chambers.webp,
Old Square Chambers,old-square-chambers,https://oldsquare.co.uk/,downloaded,https://oldsquare.co.uk/apple-touch-icon-180x180.png,assets/chambers/old-square-chambers.png,
One Essex Court,one-essex-court,https://www.oeclaw.co.uk/,downloaded,https://www.oeclaw.co.uk/android-chrome-512x512.png,assets/chambers/one-essex-court.png,
Outer Temple Chambers,outer-temple-chambers,https://www.outertemple.com/,failed,,,curl: (56) The requested URL returned error: 403
Parklane Plowden Chambers,parklane-plowden,https://www.parklaneplowden.co.uk/,downloaded,https://www.parklaneplowden.co.uk/app/uploads/2021/08/cropped-parklane-plowden-favicon-180x180.png,assets/chambers/parklane-plowden.png,
Pump Court Tax Chambers,pump-court-tax-chambers,https://www.pumptax.com/,downloaded,https://www.pumptax.com/wp-content/uploads/2026/07/cropped-pumptax.icon_-180x180.webp,assets/chambers/pump-court-tax-chambers.webp,
Serle Court,serle-court,https://www.serlecourt.co.uk/,downloaded,https://www.serlecourt.co.uk/wp-content/themes/tela_serlecourt/assets/favicons/apple-touch-icon.png,assets/chambers/serle-court.webp,
South Square,south-square,https://southsquare.com/,downloaded,https://southsquare.com/wp-content/themes/SouthSquare/icons/apple-icon-180x180.png,assets/chambers/south-square.png,
St Ives Chambers,st-ives-chambers,https://stiveschambers.co.uk/,downloaded,https://d23mtoo6rceerw.cloudfront.net/app/uploads/2024/11/cropped-faviocon-180x180.webp,assets/chambers/st-ives-chambers.webp,
St Philips Chambers,st-philips-chambers,https://st-philips.com/,downloaded,https://st-philips.com/wp-content/uploads/2022/11/cropped-site-icon-180x180.jpg,assets/chambers/st-philips-chambers.jpg,
Three Raymond Buildings,3-raymond-buildings,https://3rblaw.com/,downloaded,https://3rblaw.com/wp-content/themes/3rb/assets/favicons/apple-touch-icon.png,assets/chambers/3-raymond-buildings.webp,
Trinity Chambers,trinity-chambers-north-east,https://www.trinitychambers.co.uk/,downloaded,https://www.trinitychambers.co.uk/images/favicon/apple-icon-180x180.png,assets/chambers/trinity-chambers-north-east.png,
Twenty Essex,twenty-essex,https://www.twentyessex.com/,failed,,,curl: (56) The requested URL returned error: 403
Wilberforce Chambers,wilberforce-chambers,https://www.wilberforce.co.uk/,downloaded,https://www.wilberforce.co.uk/wp-content/themes/wilberforce/images/favicon/apple-touch-icon.png,assets/chambers/wilberforce-chambers.png,
